product_en,product_vi
Alarm Clock Bakelike Green,Đồng Hồ Báo Thức Xanh Lá Cây
Alarm Clock Bakelike Pink,Đồng Hồ Báo Thức Hồng
Alarm Clock Bakelike Red,Đồng Hồ Báo Thức Đỏ
Charlotte Bag Pink Polkadot,Túi Charlotte Chấm Bi Hồng
Charlotte Bag Suki Design,Túi Charlotte Thiết Kế Suki
Childrens Cutlery Dolly Girl,Bộ Dao Nĩa Trẻ Em Búp Bê Dolly
Childrens Cutlery Spaceboy,Bộ Dao Nĩa Trẻ Em Spaceboy
Dolly Girl Lunch Box,Hộp Cơm Trưa Búp Bê Dolly
Gardeners Kneeling Pad Cup Of Tea,Tấm Lót Gối Người Làm Vườn Cốc Trà
Gardeners Kneeling Pad Keep Calm,Tấm Lót Gối Người Làm Vườn Giữ Bình Tĩnh
Green Regency Teacup And Saucer,Chén Trà Regency Xanh Lá Cây Và Đĩa Lót
Heart Of Wicker Large,Trái Tim Sợi Mây Lớn
Jam Jar With Green Lid,Lọ Mứt Nắp Xanh Lá Cây
Jam Jar With Pink Lid,Lọ Mứt Nắp Hồng
Jumbo Bag Apples,Túi Khổng Lồ Táo
Jumbo Bag Baroque Black White,Túi Khổng Lồ Baroque Đen Trắng
Jumbo Bag Pink Polkadot,Túi Khổng Lồ Chấm Bi Hồng
Jumbo Bag Pink Vintage Paisley,Túi Khổng Lồ Paisley Cổ Điển Hồng
Jumbo Bag Scandinavian Blue Paisley,Túi Khổng Lồ Paisley Xanh Bắc Âu
Jumbo Bag Strawberry,Túi Khổng Lồ Dâu Tây
Jumbo Bag Vintage Leaf,Túi Khổng Lồ Lá Cây Cổ Điển
Jumbo Bag Woodland Animals,Túi Khổng Lồ Động Vật Rừng Xanh
Jumbo Shopper Vintage Red Paisley,Túi Mua Sắm Khổng Lồ Paisley Đỏ Cổ Điển
Jumbo Storage Bag Suki,Túi Lưu Trữ Khổng Lồ Suki
Lunch Bag Black Skull,Túi Cơm Trưa Đầu Lâu Đen
Lunch Bag Pink Polkadot,Túi Cơm Trưa Chấm Bi Hồng
Lunch Bag Suki Design,Túi Cơm Trưa Thiết Kế Suki
Lunch Bag Woodland,Túi Cơm Trưa Rừng Xanh
Paper Chain Kit Vintage Christmas,Bộ Xích Giấy Giáng Sinh Cổ Điển
Pink Regency Teacup And Saucer,Chén Trà Regency Hồng Và Đĩa Lót
Red Hanging Heart T-Light Holder,Giá Để Nến Trái Tim Treo Đỏ
Red Retrospot Charlotte Bag,Túi Charlotte Chấm Tròn Đỏ
Regency Milk Jug Pink,Bình Sữa Regency Hồng
Regency Sugar Bowl Green,Bát Đường Regency Xanh Lá Cây
Regency Tea Plate Green,Đĩa Trà Regency Xanh Lá Cây
Regency Tea Plate Pink,Đĩa Trà Regency Hồng
Roses Regency Teacup And Saucer,Chén Trà Regency Hoa Hồng Và Đĩa Lót
Spaceboy Lunch Box,Hộp Cơm Trưa Spaceboy
Strawberry Charlotte Bag,Túi Charlotte Dâu Tây
Wooden Frame Antique White,Khung Ảnh Gỗ Trắng Cổ Điển
Wooden Picture Frame White Finish,Khung Ảnh Gỗ Hoàn Thiện Trắng
Woodland Charlotte Bag,Túi Charlotte Rừng Xanh
